"DESCRIPTION","DURATION IN MS","NAME","PARENT SUITE","START TIME","STATUS","STOP TIME","SUB SUITE","SUITE","TEST CLASS","TEST METHOD"
"","1644","POST- Create a user","chromium","2026-10-02","passed","2026-10-02","","api/users.api.indi.spec.ts","",""
"","3797","Logout link exist test","chromium","2026-10-02","passed","2026-10-02","","homepage.spec.ts","",""
"","713","Update user test","chromium","2026-10-02","passed","2026-10-02","","api/users.api.spec.ts","",""
"","347","Post user test","chromium","2026-10-02","passed","2026-10-02","","api/users.api.spec.ts","",""
"","3729","verify search results count - imac iMac","chromium","2026-10-02","passed","2026-10-02","","search.spec.ts","",""
"","3726","registration test with Anton Korab using csv data","chromium","2026-10-02","passed","2026-10-02","","registrationpagefixture.spec.ts","",""
"","3681","Home page title test","chromium","2026-10-02","passed","2026-10-02","","homepage.spec.ts","",""
"","4759","verify user is able to land on the product page - macbook MacBook Air","chromium","2026-10-02","passed","2026-10-02","","search.spec.ts","",""
"","3362","@smoke Home page title test","chromium","2026-10-02","passed","2026-10-02","","homepagefixture.spec.ts","",""
"","3299","comp logo exists on product page","chromium","2026-10-02","passed","2026-10-02","","search.spec.ts","",""
"","2886","invalid login test with pwbatchtest@open,com using excel data","chromium","2026-10-02","passed","2026-10-02","","loginpagefixture.spec.ts","",""
"","2645","comp logo exists on product page","chromium","2026-10-02","passed","2026-10-02","","loginpagefixture.spec.ts","",""
"","1681","Put API - update a user","chromium","2026-10-02","passed","2026-10-02","","api/users.api.indi.spec.ts","",""
"","3169","footer exist on product page","chromium","2026-10-02","passed","2026-10-02","","search.spec.ts","",""
"","4703","verify user is able to land on the product page - macbook MacBook Pro","chromium","2026-10-02","passed","2026-10-02","","search.spec.ts","",""
"","714","Delete user test","chromium","2026-10-02","passed","2026-10-02","","api/users.api.spec.ts","",""
"","3836","registration test with Alex Comrford using json data","chromium","2026-10-02","passed","2026-10-02","","registrationpagefixture.spec.ts","",""
"","5164","verify product images count","chromium","2026-10-02","passed","2026-10-02","","productpage.spec.ts","",""
"","3401","Home page headers exist test","chromium","2026-10-02","passed","2026-10-02","","homepage.spec.ts","",""
"","342","Post API - create a new user","chromium","2026-10-02","passed","2026-10-02","Running e2e go rest crud API tests","api/users.api.sep.spec.ts","",""
"","3006","invalid login test with pwtestbatch@open.com using json data","chromium","2026-10-02","passed","2026-10-02","","loginpagefixture.spec.ts","",""
"","3274","@smoke footer exist on product page","chromium","2026-10-02","passed","2026-10-02","","productpage.spec.ts","",""
"","3021","invalid login test with invalid@open.com and wrong123 using csv data","chromium","2026-10-02","passed","2026-10-02","","loginpagefixture.spec.ts","",""
"","3224","invalid login test with pwtestbatch@open.com and using csv data","chromium","2026-10-02","passed","2026-10-02","","loginpagefixture.spec.ts","",""
"","364","GET -- get all user","chromium","2026-10-02","passed","2026-10-02","","api/users.api.schema.spec.ts","",""
"","357","Delete API - delete the user","chromium","2026-10-02","passed","2026-10-02","Running e2e go rest crud API tests","api/users.api.sep.spec.ts","",""
"","2946","invalid login test with using json data","chromium","2026-10-02","passed","2026-10-02","","loginpagefixture.spec.ts","",""
"","2963","invalid login test with using excel data","chromium","2026-10-02","passed","2026-10-02","","loginpagefixture.spec.ts","",""
"","348","Get API - get all users","chromium","2026-10-02","passed","2026-10-02","Running e2e go rest crud API tests","api/users.api.sep.spec.ts","",""
"","1021","Delete API - delete a user","chromium","2026-10-02","passed","2026-10-02","","api/users.api.indi.spec.ts","",""
"","3645","registration test with Alex Comrford using excel data","chromium","2026-10-02","passed","2026-10-02","","registrationpagefixture.spec.ts","",""
"","12618","verify user is able to land on the product page - imac iMac","chromium","2026-10-02","passed","2026-10-02","","search.spec.ts","",""
"","3116","invalid login test with and pw1234 using csv data","chromium","2026-10-02","passed","2026-10-02","","loginpagefixture.spec.ts","",""
"","3750","verify search results count - macbook MacBook Pro","chromium","2026-10-02","passed","2026-10-02","","search.spec.ts","",""
"","3639","registration test with Anton Korab using json data","chromium","2026-10-02","passed","2026-10-02","","registrationpagefixture.spec.ts","",""
"","3662","registration test with Anton Korab using excel data","chromium","2026-10-02","passed","2026-10-02","","registrationpagefixture.spec.ts","",""
"","3776","registration test with Matt Barr using csv data","chromium","2026-10-02","passed","2026-10-02","","registrationpagefixture.spec.ts","",""
"","3687","registration test with Alex Comrford using csv data","chromium","2026-10-02","passed","2026-10-02","","registrationpagefixture.spec.ts","",""
"","6330","add to cart test","chromium","2026-10-02","passed","2026-10-02","","productpage.spec.ts","",""
"","3334","Logout link exist test","chromium","2026-10-02","passed","2026-10-02","","homepagefixture.spec.ts","",""
"","2536","@smoke Login page title test","chromium","2026-10-02","passed","2026-10-02","","loginpagefixture.spec.ts","",""
"","2933","invalid login test with aaabbcc@gmail.com using excel data","chromium","2026-10-02","passed","2026-10-02","","loginpagefixture.spec.ts","",""
"","3564","registration test with Matt Barr using json data","chromium","2026-10-02","passed","2026-10-02","","registrationpagefixture.spec.ts","",""
"","5127","verify search results count - airtel","chromium","2026-10-02","passed","2026-10-02","","search.spec.ts","",""
"","2427","Login page title test","chromium","2026-10-02","passed","2026-10-02","","loginpage.spec.ts","",""
"","3422","user is able to login to specific environment test","chromium","2026-10-02","passed","2026-10-02","","loginpagefixture.spec.ts","",""
"","5088","verify product Information/Data","chromium","2026-10-02","passed","2026-10-02","","productpage.spec.ts","",""
"","2471","ForgetPassword link exist test","chromium","2026-10-02","passed","2026-10-02","","loginpage.spec.ts","",""
"","3243","comp logo exists on product page","chromium","2026-10-02","passed","2026-10-02","","productpage.spec.ts","",""
"","3","GET -- get artist search data","chromium","2026-10-02","skipped","2026-10-02","","api/spotify.oauth2.spec.ts","",""
"","3332","Home page headers exist test","chromium","2026-10-02","passed","2026-10-02","","homepagefixture.spec.ts","",""
"","3606","registration test with Matt Barr using excel data","chromium","2026-10-02","passed","2026-10-02","","registrationpagefixture.spec.ts","",""
"","3039","invalid login test with invalid@open.com using json data","chromium","2026-10-02","passed","2026-10-02","","loginpagefixture.spec.ts","",""
"","2362","ForgetPassword link exist test","chromium","2026-10-02","passed","2026-10-02","","loginpagefixture.spec.ts","",""
"","3705","verify search results count - macbook MacBook Air","chromium","2026-10-02","passed","2026-10-02","","search.spec.ts","",""
"","2639","Registration page title test","chromium","2026-10-02","passed","2026-10-02","","registrationpagefixture.spec.ts","",""
"","351","get user test","chromium","2026-10-02","passed","2026-10-02","","api/users.api.spec.ts","",""
"","714","GET -- get the user","chromium","2026-10-02","passed","2026-10-02","","api/users.api.schema.spec.ts","",""
"","360","Put API - update the user","chromium","2026-10-02","passed","2026-10-02","Running e2e go rest crud API tests","api/users.api.sep.spec.ts","",""
"","2376","footer exist on product page","chromium","2026-10-02","passed","2026-10-02","","loginpagefixture.spec.ts","",""
"","5586","user is able to login to app test","chromium","2026-10-02","passed","2026-10-02","","loginpage.spec.ts","",""
